{
  "name": "my-project",
  "version": "1.0.0",
  "description": "My Moleculer project",
  "scripts": {
    "dev": "moleculer-runner --repl --hot services",
    "start": "moleculer-runner ./src/services",
    "ci": "jest --watch",
    "test": "jest --coverage",
    "lint": "eslint services"
  },
  "keywords": [
    "microservices",
    "moleculer"
  ],
  "author": "",
  "devDependencies": {
    "eslint": "4.5.0",
    "jest": "20.0.4",
    "jest-cli": "20.0.4",
    "moleculer-repl": "^0.2.0"
  },
  "dependencies": {
    "ioredis": "3.1.2",
    "moleculer": "^0.10.0",
    "moleculer-repl": "^0.2.0",
    "moleculer-web": "^0.4.4"
  },
  "engines": {
    "node": ">= 6.x.x"
  },
  "jest": {
    "testEnvironment": "node",
    "rootDir": "./services",
    "roots": [
      "../test"
    ]
  }
}
